{
  "project_info": {
    "project_number": "778769103239",
    "project_id": "flutter-splitwise",
    "storage_bucket": "flutter-splitwise.appspot.com"
  },
  "client": [
    {
      "client_info": {
        "mobilesdk_app_id": "1:778769103239:android:ee9bd276072e2a28563b22",
        "android_client_info": {
          "package_name": "com.example.flutter_splitwise"
        }
      },
      "oauth_client": [
        {
          "client_id": "778769103239-ciaaksn555jgtopjnqa4ro5tp3t258i2.apps.googleusercontent.com",
          "client_type": 1,
          "android_info": {
            "package_name": "com.example.flutter_splitwise",
            "certificate_hash": "44f320239a918dae894640b08b4dd1029e436335"
          }
        },
        {
          "client_id": "778769103239-bu2t5k093f9jjtb8vp7155uh4dd3jekk.apps.googleusercontent.com",
          "client_type": 3
        }
      ],
      "api_key": [
        {
          "current_key": "AIzaSyBS7PGFceY_k79SBoELKhQJUnm_wT3S67o"
        }
      ],
      "services": {
        "appinvite_service": {
          "other_platform_oauth_client": [
            {
              "client_id": "778769103239-bu2t5k093f9jjtb8vp7155uh4dd3jekk.apps.googleusercontent.com",
              "client_type": 3
            }
          ]
        }
      }
    }
  ],
  "configuration_version": "1"
}